"観点","状況","起きる問題","決めた仕様","画面表示","優先度"
"① 在庫・状態","削除済み・存在しない端末ID","存在しない端末の貸出記録ができる","確認・確定時に存在確認。登録しない（R-01）","E-01「選択した端末は存在しません。端末を選び直してください。」","高"
"① 在庫・状態","選択端末が既に貸出中","二重貸出","確定時のロック内で再確認し拒否（R-05）","E-02「この端末は現在貸出中です。別の端末を選択してください。」","高"
"① 在庫・状態","修理中の端末","実物を貸せないのに貸出成功となる","候補から除外し、確認・確定時も拒否（R-01）","E-03「この端末は修理中または廃棄済みのため、貸出できません。」","中"
"① 在庫・状態","廃棄済みの端末","存在しない実物への貸出","候補から除外し、確認・確定時も拒否（R-01）","E-03、上部に表示","中"
"① 在庫・状態","貸出可能端末0件","空の選択欄で操作不能の理由が分からない","初期表示・候補更新時に案内し申請を無効化（V-02）","E-05「現在貸出可能な端末はありません。時間をおいて再度確認してください。」","低"
"① 在庫・状態","TABLET・MONITORを送信","対象外資産を貸し出す","確認・確定時にLAPTOP限定を検証（R-01）","E-04「この端末は貸出対象のノートPCではありません。」","中"
"① 在庫・状態","状態と未返却件数の矛盾・未返却重複","二重貸出や借用者取り違え","各確定時に不変条件検証。貸出・通常返却を止め調査（R-15）","E-06「この端末は記録の確認が必要なため、操作できません。管理部に連絡してください。」","高"
"① 在庫・状態","棚にあるのにLENTなど棚卸差異","推測の返却処理で証拠を失う","配布差異を利用保留に登録。各確定時に拒否。自動訂正しない（R-16）","E-06、返却一覧にも確認が必要と表示","高"
"② 人の状態","退職者が新規貸出","回収困難な貸出を追加する","確認・確定時にACTIVEを検証。本人の返却は許可（R-02・11）","新規E-07「在籍中の社員のみ新規貸出を利用できます。」、返却S-02","中"
"② 人の状態","休職者が新規貸出","利用対象外の貸出","確認後の休職も確定時に検知。本人の返却は許可（R-02・11）","新規E-07、返却S-02","中"
"② 人の状態","社員レコードがない","借用者を追跡できない","保護処理開始時に本人の存在を確認し拒否（R-09）","E-08、再ログインを案内","高"
"② 人の状態","既に1台借りている","上限超過","確認・確定時に本人未返却を数え、追加貸出を拒否（R-03）","E-09「貸出は1人1台までです。現在の端末を返却してから申請してください。」","中"
"③ 重複・多重","2人が同じ端末を同時に確定","二重貸出","端末ロック＋一意制約。成功は1件、後続拒否（R-05）","後続E-02","高"
"③ 重複・多重","同じ社員が2画面で別端末を確定","件数確認のすり抜けで2台貸出","社員行をロックして上限再判定（R-03）","後続E-09","高"
"③ 重複・多重","ボタン連打・同一POSTの再送","貸出記録が重複する","送信中無効化＋同じキーを直列化。既存成功を再表示（R-06・14）","「処理中…」→S-01／02","高"
"③ 重複・多重","完了後に戻る・再読込・再確定","同じ貸出を再登録する","GETで更新しない。成功キーの再送は既存結果（R-06・20）","元のS-01／02。無効な未使用キーはE-21","高"
"④ 入力値","端末未選択、負数・文字列・範囲外ID","不正参照、サーバー例外","確認時に必須・正のBIGINTを検証（B-01）","未選択E-11、形式E-12","中"
"④ 入力値","返却予定日未入力","返却管理ができない","確認時に必須検証（B-02）","E-13「返却予定日を入力してください。」","中"
"④ 入力値","2月30日などの非実在日・形式不正","日付の誤補正、保存失敗","確認時に厳密に解析し拒否（B-02）","E-14、日付欄直下","中"
"④ 入力値","過去日・当日","貸出直後に予定日を過ぎる等の業務矛盾","確認・確定時に翌日以上とする（B-02）","E-15「返却予定日は明日から90日以内で入力してください。」","中"
"④ 入力値","翌日、90日後、91日後、10年後","境界値の判定漏れ、長期占有","翌日・90日後は許可、91日後以降拒否（B-02）","許可時は確認画面、拒否時E-15","中"
"④ 入力値","利用目的が空・半角全角空白だけ","利用理由なしで登録","前後空白除去後に必須検証（B-03）","E-16「利用目的を入力してください。」","中"
"④ 入力値","利用目的100文字・101文字","DB桁あふれ、切り捨て","100コードポイント可、101不可。切り捨てない（B-03）","超過E-17「利用目的は100文字以内で入力してください。」","中"
"④ 入力値","絵文字・HTML・制御文字を含む","文字化け、スクリプト実行、表示破損","絵文字・HTML風文字列は保存可、表示エスケープ。制御文字は拒否（R-08、N-07）","許可値は文字として表示、禁止文字E-25","高"
"⑤ 順序","借りていない・存在しない貸出を返却","無関係な端末をAVAILABLEにする","返却確定時に本人の貸出IDを検証（R-09・10）","E-18「指定された貸出は操作できません。自分の貸出一覧を確認してください。」","高"
"⑤ 順序","返却済みを再返却","返却時刻上書き、再貸出済み端末の状態破壊","既存返却記録を読み、端末・日時は変更しない（R-10）","S-03「この貸出は既に返却済みです。追加の更新は行っていません。」","高"
"⑤ 順序","貸出中の端末を手作業でAVAILABLE・修理中へ変更","貸出と状態の不一致","任意変更を拒否。外部で変更済みなら確定時に不整合として停止（R-15～17）","要求時E-24、既存不整合E-06","高"
"⑥ 時間","予定日を過ぎても未返却","延滞が見えず回収漏れ","業務日付との比較で表示時に延滞判定。返却は許可（R-12）","「延滞（返却予定日：YYYY/MM/DD）」、返却後S-02","中"
"⑥ 時間","延滞中に新規貸出","延滞を解消せず追加貸出","上限判定より先に延滞を検知し拒否（R-12）","E-10「返却期限を過ぎた端末があります。返却してから申請してください。」","中"
"⑥ 時間","確認から確定までに日付が変わる","確認時は適正でも確定時に範囲外","ロック後の日本時間で再判定。不正なら入力へ戻す（R-07）","E-15、入力を保持","中"
"⑦ 失敗時","貸出登録後に端末更新が失敗","未返却記録だけ残り再貸出可能になる","1トランザクションで全取消（R-13）","E-19、入力保持","高"
"⑦ 失敗時","返却更新途中の失敗、DB接続断・ロック待ち超過","返却済みなのにLENT等が残る","確定前は全取消。コミット結果不明は照会（R-13・14）","未確定確認済みE-19、不明E-20","高"
"⑦ 失敗時","DB確定後、完了応答だけ失われる","利用者が再申請し重複","元のキーを保持し照会。同じキー再送も安全に処理（R-14）","E-20→元のS-01／02","高"
"⑦ 失敗時","完了画面前にセッションが切れる","結果不明、別人に結果漏えい","再ログイン後に本人とキーを照合して結果表示（R-09・14）","E-08→本人のみ結果。照会失敗E-20","高"
"⑧ 不正操作","URL直打ちで確認せず確定","未確認内容で貸出","確認キーを必須にし、更新GETも拒否（R-06・20）","キーなしE-21、更新GETはE-24","中"
"⑧ 不正操作","他人のuser_id・貸出IDを指定","なりすまし貸出・無断返却","user_id入力を拒否し、本人の貸出だけ更新（R-09・19）","user_id指定E-12、他人貸出E-18","高"
"⑧ 不正操作","確認後に端末・予定日・目的をすり替え","表示と保存内容が違う","確定では保存済み内容だけ使用。業務値の追加送信を拒否（R-06）","E-22「確認画面の内容と送信内容が一致しません。最初から確認し直してください。」","高"
"⑧ 不正操作","別操作で同じキーを使う・期限切れキー","異なる操作を誤って確定","操作種別・期限を確定時に検証（R-06・18）","種別不一致E-22、期限切れE-21","高"
"⑧ 不正操作","任意status・日時の送信、更新GET","不正遷移、偽の履歴","サーバー管理項目を拒否しPOSTだけで更新（R-17・19・20）","状態変更・GETはE-24、日時指定E-12","高"
"⑧ 不正操作","CSRF不正・他人の操作キーで実行や照会","意図しない更新・結果漏えい","更新前にCSRF、実行・照会前に本人を検証（R-09・20）","E-23「この操作は許可されていません。画面を開き直してください。」","高"
